rs	chromosome	position	lod
rs13475697	1	3.385827	0.0864618598226
rs3681603	1	3.484722	0.0864618598227
rs13475703	1	5.114419	0.0864743315968
rs13475710	1	6.959031	0.236716990033
rs6367205	1	7.621919	0.175663992025
rs13475716	1	8.440487	0.175663992006
rs13475717	1	8.812597	0.175663992006
rs13475719	1	9.160541	0.175663992006
rs13459050	1	9.536066	0.175663992006
rs3680898	1	9.792708	0.175663992021
rs13475727	1	12.37886	0.287783388666
rs13475728	1	12.71128	0.287783388648
rs13475729	1	12.87225	0.235188708272
rs13475731	1	13.42609	0.206480285163
rs13475737	1	15.44484	0.149708222414
rs13475744	1	17.14632	0.0996054774307
rs6397513	1	18.34305	0.131548730919
rs13475747	1	18.59569	0.131548730972
rs13475748	1	18.91176	0.252642060291
rs13475749	1	19.21444	0.262814235715
rs13475750	1	19.46381	0.262814235718
rs13475751	1	19.6249	0.262814235721
rs13475752	1	19.94522	0.262814235708
rs13475762	1	22.85217	0.0823656896192
rs13475764	1	23.48343	0.054355033304
rs13475765	1	23.82207	0.0419824359144
rs13475768	1	24.55419	0.0253176084404
rs13475769	1	24.9587	0.0673225892416
rs13475771	1	25.48937	0.0673225889391
rs6384194	1	29.23143	0.110551392396
rs13475790	1	30.26172	0.108433923913
rs3676270	1	31.21326	0.140737380969
rs13475794	1	32.2021	0.199592579448
rs13475801	1	34.24747	0.329953480105
rs4222269	1	34.6012	0.424637378806
rs6387241	1	39.35583	0.934067885227
rs13475822	1	39.72043	0.68306707415
rs13475824	1	40.33894	0.671228606337
rs13475826	1	40.64552	0.788401436022
rs13475827	1	40.99094	0.762830772666
rs13475834	1	42.52099	0.355774648285
rs13475880	1	58.08111	0.554469050114
rs13475883	1	59.43598	0.445442359574
rs6239834	1	63.35805	0.582246267178
rs3162895	1	64.24801	0.479929552881
rs6212146	1	64.45407	0.479928196635
rs3022802	1	65.09238	0.479928196193
rs13475899	1	65.74485	0.531623590021
rs13475900	1	65.98749	0.531623590076
rs13475906	1	67.61836	0.616844784567
rs3022803	1	67.92348	0.61684478488
rs13475907	1	68.12201	0.612401518363
rs13475909	1	68.75823	0.610401478709
rs13475912	1	69.91655	0.56176514322
rs6209698	1	73.70052	0.493520508106
rs13475929	1	76.02668	0.381607566242
rs13475931	1	76.37159	0.381425934374
rs13475933	1	77.15373	0.368435390158
rs13475934	1	77.29046	0.391790050772
rs4222476	1	78.42188	0.236383946283
rs13475939	1	78.68429	0.281268656326
rs8253473	1	79.43192	0.281268659366
rs13475941	1	79.77463	0.281268659567
rs13475944	1	80.26678	0.263496103319
rs13475947	1	80.94825	0.252612246162
rs13475948	1	81.43586	0.252612246217
rs13475950	1	81.80655	0.252612246217
rs13475951	1	82.02325	0.252612246225
rs13475954	1	82.90102	0.315452884392
rs13475955	1	83.33551	0.517494340918
rs13475963	1	87.91543	0.486671158702
rs13475966	1	88.8496	0.493181916055
rs13475967	1	89.38621	0.528900609699
rs13475970	1	90.24635	0.458728408837
rs13475960	1	91.10681	0.356584336235
rs6250696	1	91.18282	0.356584336217
rs13475973	1	91.39159	0.35658433723
rs3691187	1	93.22106	0.243441716853
rs13475988	1	95.51416	0.210824316012
rs13475991	1	96.41982	0.228466853196
rs13476023	1	105.2447	0.118920469703
rs13476024	1	105.4528	0.118920469701
rs3684654	1	107.4144	0.124935392015
rs6274257	1	109.1127	0.122520916292
rs13476045	1	110.9609	0.0998378440623
rs13476049	1	112.1356	0.0830967423606
rs6319405	1	112.3631	0.0830889266027
rs13476050	1	112.5083	0.0830889266122
rs13476051	1	112.9815	0.101734930603
rs13476054	1	114.0923	0.0572485559914
rs13476057	1	114.678	0.0572485559816
rs13476059	1	115.1941	0.0572485559813
rs13476060	1	115.4862	0.0572485559817
rs13476062	1	115.91	0.0673840030455
rs13476066	1	116.8541	0.0673840030623
rs13476067	1	117.1579	0.0795406098778
rs6259837	1	119.1639	0.120560682933
rs13476080	1	121.4558	0.130564945671
rs6302966	1	122.0172	0.130564945679
rs13476085	1	123.8875	0.18495052087
rs13476089	1	124.5637	0.184846475466
rs3717360	1	124.8972	0.184846475511
rs13476090	1	125.2209	0.184846475511
rs6248251	1	125.3347	0.184846475511
rs13476091	1	125.5507	0.184846475502
rs3088725	1	126.3324	0.167282615244
rs3022832	1	127.1709	0.185374359592
rs4222577	1	127.7644	0.185374359121
rs13476100	1	128.8428	0.252529194352
rs6263067	1	129.0648	0.234094729093
rs8256168	1	130.4887	0.214957005277
rs6327099	1	131.2829	0.257335130163
rs13476111	1	133.6495	0.413261753799
rs13476119	1	136.1073	0.414406066376
rs8236484	1	137.0513	0.591677926457
rs8270838	1	137.1795	0.591677923112
rs8236489	1	137.7065	0.376631391155
rs13476129	1	139.0323	0.544183678874
rs13476134	1	140.2728	0.174248916342
rs13476135	1	140.5166	0.110919324591
rs13476137	1	141.1282	0.144715266026
rs13476138	1	141.4177	0.144715266044
rs13476140	1	142.2462	0.144715266147
rs13476148	1	144.8624	0.135917778686
rs6202860	1	147.3913	0.0774959108472
rs13476158	1	147.6362	0.077495910842
rs13476163	1	148.7176	0.0774959108421
rs13476177	1	152.491	0.0774959093533
rs13476178	1	152.6189	0.0774959093518
rs13476183	1	154.6214	0.0770559384647
rs13476184	1	155.032	0.0744277292164
rs6194543	1	157.5889	0.144706372671
rs13476196	1	159.2381	0.168271149556
rs13476201	1	160.9955	0.287557947575
rs3685700	1	163.5537	0.116271449745
rs3022846	1	163.7119	0.116271449737
rs13476210	1	164.6801	0.14947854635
rs13476214	1	166.0079	0.186394994743
rs13459163	1	171.4589	0.366182663195
rs4222816	1	171.9022	0.366182663202
rs4222820	1	171.9023	0.366182663201
rs3090340	1	172.3439	0.366182663201
rs8245949	1	172.8932	0.366182663205
rs13476242	1	175.2955	0.646329423374
rs13476251	1	176.7224	0.465604252314
rs13476254	1	177.083	0.465604252797
rs6383012	1	185.4106	0.239682207107
rs13476279	1	185.6306	0.239682207093
rs6348421	1	187.4818	0.15043913209
rs13476290	1	188.9934	0.190687123424
rs13476300	1	192.1225	0.106428181988
rs13476302	1	192.6453	0.134585770749
rs13476304	1	193.0548	0.0945729041601
rs3669814	1	193.7323	0.0768201928597
rs13501301	1	194.4372	0.0205582413863
rs13476316	1	197.0146	0.0471710739112
rs13476325	2	4.780172	1.51796183938
rs13476327	2	5.269799	1.42401248979
rs13476328	2	5.402321	1.4240124897
rs13476330	2	5.767413	1.4240124897
rs3695983	2	6.153138	1.42401248972
rs13476334	2	7.296985	1.45439808609
rs13476337	2	7.991482	1.19764937335
rs13476342	2	8.840657	1.19764937405
rs3696091	2	10.14246	1.73515913826
rs13476348	2	11.09248	1.33050086809
rs3681847	2	11.98818	0.961880510057
rs13476358	2	16.22734	0.667084978213
rs13476424	2	34.25696	0.0375752989881
rs13476427	2	34.86916	0.0264828571026
rs13476432	2	36.6572	0.122760835061
rs13476433	2	36.78883	0.122760835075
rs13476438	2	37.96621	0.122760835074
rs13476440	2	38.02239	0.122760835087
rs13476445	2	38.71997	0.122760835117
rs13476446	2	38.96899	0.120487571442
rs13476448	2	39.67002	0.120487571438
rs13476449	2	39.86874	0.12048757144
rs13476451	2	40.31288	0.120487571447
rs13476452	2	40.78349	0.156041895751
rs13476456	2	41.53358	0.263369413155
rs6333344	2	41.82583	0.207339194841
rs13476459	2	42.34148	0.16295872274
rs6288325	2	42.74165	0.144315877607
rs13476470	2	45.04781	0.0989629282008
rs13476482	2	48.4181	0.0667222846952
rs6203572	2	48.51417	0.0667222846922
rs13476485	2	49.39078	0.0667222846918
rs13476501	2	52.67264	0.0166122703638
rs13476502	2	52.91352	0.0448166871291
rs13476503	2	53.04264	0.0448166871437
rs13476525	2	58.7487	0.32509677244
rs13476526	2	59.06447	0.325096772475
rs13476530	2	59.85629	0.782477902447
rs3660779	2	60.48638	0.680533649208
rs13476533	2	60.93973	0.601978986022
rs13476534	2	61.20673	0.557175517629
rs4223189	2	61.63814	0.557175517602
rs6205317	2	61.91043	0.557175517606
rs13476536	2	62.2703	0.569800785104
rs3709716	2	62.49036	0.653908725176
rs13476538	2	62.71769	0.733049491446
rs13476540	2	63.41086	0.558975423661
rs6314726	2	63.9509	0.681881868056
rs13476543	2	64.22878	0.766758059539
rs13476544	2	64.49116	0.7667580596
rs6222797	2	64.95711	0.848148053722
rs13476546	2	65.16554	0.848148053749
rs13476553	2	66.80596	0.75787482004
rs13476554	2	67.08032	0.757874820052
rs8263229	2	69.1465	1.01299894662
rs13476565	2	70.32083	0.997767174526
rs13476566	2	70.61431	0.997767174521
rs3670631	2	71.86837	1.22052730585
rs13476583	2	75.74754	0.657204312333
rs13476586	2	76.34791	0.657204312887
rs13476592	2	79.11106	0.47573942052
rs13476595	2	79.79149	0.496797622612
rs13476645	2	94.91894	0.465230143472
rs13476655	2	97.74452	0.529842598112
rs13476660	2	99.05716	0.734704429578
rs6378047	2	99.3243	0.854097664336
rs13476661	2	99.50756	0.854097664449
rs13476666	2	101.1632	0.830027060812
rs13476667	2	101.4241	0.740330901391
rs13476669	2	101.8234	0.856579513146
rs13476672	2	102.7726	1.06125661432
rs3724460	2	104.0539	0.95356761569
rs3143279	2	106.1896	1.22466989978
rs13476687	2	106.5678	1.02457472304
rs6278009	2	108.2205	0.837820554218
rs13476693	2	109.2338	0.918234423135
rs3022892	2	109.8402	0.826760923529
rs13476700	2	111.6211	0.789662094942
rs13476702	2	111.9327	0.789662094899
rs13476703	2	112.0559	0.78966209713
rs13476705	2	112.9151	0.561167175276
rs4223406	2	113.6675	0.601556476898
rs3090608	2	117.9509	0.324080457861
rs13476739	2	121.1925	0.29983952614
rs13476747	2	123.0251	0.34957853432
rs13476754	2	124.2395	0.223608507299
rs6257970	2	124.9558	0.236907505211
rs13476758	2	126.5577	0.182153002489
rs3022901	2	128.9157	0.114807065283
rs13476769	2	129.8135	0.11821552958
rs4223486	2	129.9287	0.118215524904
rs13476774	2	131.2408	0.0864617406374
rs4223511	2	131.8193	0.0864617405394
rs13476778	2	132.4232	0.0949418202398
rs13476783	2	133.6869	0.0444389933219
rs6234650	2	134.1338	0.0444389933278
rs13476784	2	134.345	0.0564790767016
rs13476786	2	134.7129	0.0564790767003
rs13476788	2	135.138	0.0487362350315
rs3682725	2	136.1491	0.0203128620285
rs13476801	2	138.3058	0.0488722081832
rs13476803	2	138.9286	0.048872208189
rs13476816	2	143.9487	0.166829146164
rs6170159	2	144.8106	0.16682914617
rs3022909	2	145.1074	0.166829146167
rs13476819	2	145.343	0.163099314847
rs13476822	2	147.2044	0.126471101847
rs13476823	2	147.4081	0.0758693408158
rs3716380	2	147.7954	0.17745558205
rs6332517	2	147.9329	0.233313920768
rs13476826	2	148.2323	0.23332420892
rs13476827	2	148.3574	0.233324208883
rs13476830	2	148.9755	0.198357092776
rs13476831	2	149.2999	0.198357092701
rs13476832	2	149.5612	0.12714058924
rs4223605	2	156.8215	0.0830363886106
rs3022932	2	156.972	0.0832870388264
rs13476872	2	159.1181	0.159703375673
rs3692409	2	160.6369	0.256968463794
rs3726342	2	161.2788	0.147181719763
rs13476882	2	162.0292	0.109575514754
rs3673613	2	162.6774	0.133650934909
rs8260429	2	163.5775	0.233635060026
rs8275858	2	164.2001	0.346157355318
rs13476892	2	165.2218	0.257096135411
rs13476894	2	165.8769	0.20017973981
rs3024096	2	168.4443	0.179031462686
rs13476907	2	168.8044	0.219510848585
rs13476910	2	169.5778	0.256876777494
rs13476918	2	171.3926	0.323868914606
rs3673248	2	172.85	0.514599674145
rs13476928	2	173.9206	0.469281943134
rs13476934	2	178.362	0.744271982177
rs13476935	2	178.6718	0.744271982507
rs13476936	2	178.9428	0.77393850837
rs8246929	3	10.18383	0.311825093327
rs13476972	3	10.75324	0.321903899701
rs13476973	3	11.0159	0.379801278173
rs13476974	3	11.11931	0.379694997637
rs3693600	3	12.50171	0.379694997637
rs3716641	3	12.50318	0.379694997636
rs13476982	3	13.12094	0.385521933233
rs13476983	3	13.77688	0.343983205187
rs13476984	3	14.13198	0.370714384197
rs6398851	3	14.37812	0.370714384213
rs13476992	3	16.81905	0.42190811205
rs13476993	3	16.9645	0.421908112104
rs13476994	3	17.16455	0.38107127979
rs13476995	3	17.37576	0.381071279732
rs6168642	3	18.1667	0.369265163411
rs13477004	3	19.54455	0.384479592892
rs6410894	3	19.73145	0.426508753011
rs13477005	3	19.90653	0.485906549837
rs13477006	3	20.09228	0.485906549956
rs13477007	3	20.35719	0.583663967809
rs13477019	3	23.72384	0.475970111049
rs13477027	3	26.55832	0.628209304228
rs13477030	3	27.50021	0.653077146828
rs13477031	3	27.80692	0.653077146855
rs13477043	3	31.3795	1.33166699362
rs3677091	3	32.0171	1.33166699503
rs4223883	3	33.96465	1.10796379619
rs6371982	3	34.03436	1.10796379617
rs13477059	3	35.6874	1.1532285855
rs6246699	3	36.20803	1.15322858551
rs13477061	3	36.4318	1.15322858549
rs3022959	3	37.02184	1.07865906258
rs3140619	3	37.02233	1.07865906268
rs13477063	3	37.57217	1.54423375191
rs13477066	3	38.29778	1.54423375206
rs6257041	3	38.98805	1.32818427338
rs13477071	3	39.95177	1.25775253285
rs13477078	3	42.03167	1.306258055
rs13477079	3	42.32917	1.32659479651
rs13477108	3	51.4726	0.755919617147
rs13477109	3	51.77036	0.777775078613
rs13477110	3	52.30866	0.599015877826
rs3685081	3	52.50873	0.563170686288
rs13477111	3	52.64029	0.563170686283
rs4223969	3	54.85326	0.564434702699
rs13477121	3	55.06028	0.564434702711
rs13477134	3	58.62311	0.769730445335
rs13477137	3	59.40294	0.772673918083
rs13477138	3	59.68063	0.772673918113
rs13477140	3	60.01404	0.872231628194
rs4223979	3	60.35509	0.872231628222
rs13477142	3	60.38505	0.872231628208
rs13477143	3	60.74466	0.880304028764
rs13477144	3	61.07217	0.876893229081
rs6326655	3	63.15726	1.0436751403
rs13477153	3	63.31149	1.04367514033
rs13477154	3	63.44386	1.04367514039
rs13477155	3	63.65905	1.15767072985
rs13477156	3	63.94648	1.15767072991
rs13477160	3	64.73934	1.15767072996
rs13477168	3	66.86338	1.40604110876
rs13477169	3	67.01695	1.40604110899
rs13477174	3	68.37655	1.5310814196
rs13477176	3	68.87134	1.49395669917
rs13477179	3	69.86386	1.49395669915
rs3023594	3	70.07619	1.49395669915
rs13477183	3	70.83557	1.49395669915
rs13477187	3	71.70987	1.49395669915
rs13477188	3	71.91618	1.49395669915
rs13477189	3	72.12984	1.49395669915
rs6351657	3	72.46262	1.49395669915
rs6289734	3	72.54349	1.49395670451
rs13477194	3	73.6752	1.08380375885
rs13477201	3	75.25565	1.07961433286
rs8273664	3	75.42126	1.07961433152
rs13477207	3	76.53836	1.08375352538
rs13477209	3	76.92873	1.08375352538
rs13477210	3	77.05565	1.08375352538
rs13477216	3	78.18326	1.08375352538
rs13477217	3	78.50378	1.08375352538
rs13477220	3	80.06565	1.08266477773
rs13477224	3	81.16415	1.06932489
rs6196421	3	81.43373	1.06931904518
rs13477225	3	81.56289	1.06931904391
rs13477228	3	82.24009	1.34045112625
rs13477230	3	82.60596	1.43363213107
rs13477233	3	83.28325	1.57178678829
rs6183172	3	84.02557	1.27742566716
rs13477236	3	84.39922	1.13664763214
rs4224039	3	87.17453	1.08707587409
rs13477248	3	87.78193	1.13388578955
rs13477252	3	88.97423	1.18387226184
rs6224931	3	92.59434	0.951670334823
rs13477268	3	93.13873	0.999913184407
rs13477263	3	93.3911	0.91335406668
rs13477271	3	95.41367	0.955483377565
rs13477279	3	97.78874	0.683865997061
rs13477282	3	98.5175	0.553360196259
rs13477283	3	98.6565	0.70528268309
rs13477287	3	99.09328	0.705282683255
rs13477288	3	99.35696	0.705282682641
rs13477291	3	99.99183	0.515305151969
rs3159432	3	100.1918	0.515305151899
rs3159588	3	100.3194	0.515305151899
rs3162061	3	100.5236	0.515305151925
rs13477294	3	101.4139	0.684911730163
rs4224158	3	104.809	0.925677950457
rs13477318	3	107.9189	1.29962664671
rs13477369	3	119.4249	0.571972925802
rs13477373	3	120.3986	0.709282163491
rs13477374	3	120.5563	0.709282163563
rs13477379	3	122.5406	1.0101403109
rs3022967	3	122.6023	1.01014031091
rs13477381	3	123.4275	0.830591711357
rs13477384	3	124.5116	0.663912284641
rs13477385	3	124.8141	0.66391228461
rs13477396	3	128.0479	0.666811554549
rs13477397	3	128.3395	0.666811554553
rs13477409	3	131.505	0.853573744773
rs13477428	3	135.2766	1.55541238425
rs13477429	3	135.51	1.6441956237
rs13477433	3	136.2536	1.64962002312
rs13477434	3	136.6896	1.59443254813
rs13477438	3	137.471	1.53157388189
rs13477439	3	137.7293	1.49223720921
rs3698409	3	137.829	1.49223720934
rs13477442	3	138.6221	1.38245607444
rs13477444	3	138.8087	1.40155591223
rs13477448	3	139.6172	1.35986347978
rs6385968	3	140.0998	1.28340379912
rs13477450	3	140.2184	1.28340379903
rs13477451	3	140.3777	1.05613923257
rs13477456	3	141.9125	0.392483095583
rs13477457	3	142.0996	0.392483095561
rs13477458	3	142.3321	0.392483095241
rs13477459	3	142.492	0.396687754314
rs13477460	3	142.6802	0.396687754327
rs13477461	3	142.8088	0.396687754309
rs13477467	3	144.3059	0.194580871002
rs13477472	3	145.519	0.152632877832
rs13477529	3	145.7447	0.17084760765
rs13477473	3	145.8412	0.170847607632
rs3022971	3	146.3953	0.0843348004729
rs13477478	3	147.302	0.0617713394917
rs13477482	3	148.0506	0.0658302029185
rs13477485	3	149.0892	0.127810678808
rs3724805	3	149.2291	0.11973301083
rs13477486	3	149.428	0.0934905729542
rs13477488	3	150.0591	0.149945679857
rs13477489	3	150.1643	0.149945679724
rs13477492	3	150.8911	0.267201604998
rs13477495	3	151.7305	0.178173646411
rs4224567	3	151.9004	0.178173646441
rs13477497	3	152.2873	0.189555220436
rs13477500	3	152.8939	0.339305804896
rs13477511	3	156.3994	0.272636804855
rs13477526	3	159.1528	0.387668904319
rs13477532	4	3.630817	0.598279931138
rs13477541	4	6.320883	0.624605402393
rs13477542	4	6.638138	0.624605402465
rs13477543	4	6.8003	0.690609979276
rs13477544	4	6.962257	0.732664729626
rs13477549	4	8.73086	0.443051517421
rs13477550	4	8.920439	0.383574393346
rs13477552	4	9.203864	0.366654968106
rs13477553	4	9.390856	0.366654967673
rs13477554	4	9.876068	0.366654967666
rs13477556	4	10.48859	0.217260071007
rs13477558	4	10.82552	0.231943520291
rs13477559	4	11.14838	0.255813764256
rs13477561	4	11.50715	0.255813764279
rs6403469	4	11.63432	0.255813764287
rs4137687	4	12.85902	0.349200874126
rs13477566	4	13.03102	0.349200873122
rs13477579	4	16.41944	0.357294764859
rs13477580	4	16.42378	0.357294764798
rs13477585	4	17.56909	0.309309364218
rs13477586	4	18.23522	0.276754325089
rs3709372	4	18.61394	0.278989018207
rs13477589	4	18.75854	0.278989017932
rs13477592	4	19.65346	0.21262027514
rs13459074	4	19.99119	0.255965874779
rs13477595	4	20.44625	0.233877883496
rs13477596	4	20.66682	0.233877883492
rs6163246	4	20.76741	0.233877883499
rs6266094	4	20.92292	0.233877883508
rs13477605	4	22.96616	0.293746985943
rs13477606	4	23.1758	0.330369338172
rs13477611	4	24.51719	0.195530857858
rs4224426	4	25.17748	0.195530857798
rs13477616	4	26.57703	0.133683107768
rs13477619	4	27.4193	0.253661933748
rs13477623	4	29.50544	0.332441986048
rs3679673	4	29.82838	0.332441986051
rs13477625	4	29.96015	0.332441986051
rs13477626	4	30.32601	0.332441986057
rs13477627	4	30.71679	0.34172688632
rs13477628	4	31.14883	0.310251425558
rs13477631	4	32.68854	0.544663823936
rs13477642	4	34.75524	0.370728851625
rs13477643	4	34.93	0.370728851621
rs3703981	4	35.25702	0.370728851619
rs13477659	4	39.15919	0.292554948096
rs13477660	4	39.39796	0.268658578579
rs13477662	4	39.73793	0.268658578615
rs13477664	4	39.97219	0.268658578616
rs13477715	4	55.0606	0.0160890235226
rs13477717	4	55.50312	0.0160873565976
rs6239799	4	56.51006	0.00535465120527
rs13477722	4	57.07602	0.0053546512712
rs13477724	4	57.44278	0.0112628398563
rs13477725	4	57.62658	0.0112628400552
rs13477730	4	58.79825	0.0754086948097
rs4224515	4	59.05505	0.121048516705
rs13477732	4	59.44092	0.121048516868
rs13477733	4	59.71347	0.121048516861
rs6184584	4	62.38401	0.035382797493
rs13477739	4	62.89552	0.0348726883768
rs6254381	4	63.34662	0.0348726883603
rs13476245	4	64.02158	0.0471264198602
rs13477743	4	64.46147	0.047126419732
rs8276754	4	64.85802	0.103198899345
rs13477745	4	65.04757	0.114572700172
rs13477746	4	65.60527	0.106454013197
rs13477759	4	68.93818	0.120331966394
rs3654162	4	70.5746	0.0989777400217
rs13477785	4	75.77492	0.100892805115
rs3717147	4	76.57548	0.137757769161
rs13477793	4	77.83393	0.137757769175
rs13477794	4	78.0353	0.162226736025
rs13477795	4	78.31293	0.162226736025
rs6323325	4	82.05284	0.144801352888
rs13477814	4	84.52252	0.350544086475
rs13477821	4	86.39566	0.387621985404
rs13477823	4	86.72129	0.381165056439
rs13477824	4	86.87084	0.437497257713
rs13477835	4	89.50004	0.643775914543
rs6361351	4	89.74508	0.643775914588
rs13477854	4	95.48614	0.916547858112
rs13477860	4	97.01093	1.16494325929
rs13477863	4	97.96433	1.13374124722
rs13477865	4	98.58012	1.14416567765
rs6401724	4	103.8265	1.48446081098
rs13477919	4	104.962	1.60724813235
rs13477888	4	105.3215	1.59088695378
rs13477907	4	109.5415	1.43373140515
rs13477908	4	109.9083	1.45971000666
rs13477910	4	110.7878	1.45971000657
rs13477912	4	111.1993	1.42788557155
rs13477914	4	111.5564	1.42788557151
rs13477915	4	111.6787	1.42788557151
rs13477916	4	112.4192	1.42788557151
rs13477920	4	113.9736	1.42788557154
rs4224727	4	115.975	1.77895482882
rs13477931	4	116.4144	1.73669986504
rs6173859	4	117.2453	2.0272910083
rs13477938	4	117.9421	2.02729103117
rs13477940	4	118.2711	2.31058985634
rs6365760	4	118.8537	2.27326463124
rs13477947	4	120.6918	1.35215068436
rs13477954	4	123.1793	1.20305689794
rs13477966	4	126.7241	1.09062904262
rs13477976	4	128.9658	0.82969336274
rs13477980	4	130.2816	0.805119108531
rs6355453	4	130.6368	0.725527068379
rs13477983	4	131.0835	0.665303148487
rs13477985	4	131.3277	0.725684461056
rs13459077	4	132.4192	0.605805537373
rs13477991	4	133.4354	0.704099917079
rs13477999	4	135.1853	0.826709796503
rs13478021	4	140.1663	1.24376886714
rs13459080	4	140.7559	1.23113386924
rs3023026	4	140.918	1.31751749343
rs3711383	4	141.9008	1.4200647649
rs13478027	4	142.1317	1.43632558547
rs13478028	4	143.0078	1.49455110811
rs13478031	4	144.1189	1.67060761833
rs3023027	4	147.2466	1.76815726222
rs13478039	4	147.392	1.76815726169
rs3668420	4	148.0447	1.66978245935
rs13478048	4	149.6835	1.75368200459
rs13478050	4	150.3096	1.75518618976
rs13478054	4	150.9903	2.21273390804
rs13478092	5	3.595407	0.174055633447
rs4225033	5	4.082306	0.174055635552
rs13478097	5	5.68275	0.120696006292
rs6245801	5	7.46134	0.229004595371
rs13478103	5	7.869819	0.229004595381
rs13478104	5	7.975724	0.229004595383
rs13478106	5	8.421631	0.235362321932
rs8277477	5	8.929883	0.224922729887
rs13478110	5	9.741228	0.337804357418
rs13478111	5	9.956018	0.336579837496
rs13481337	5	11.96806	0.349345234972
rs13481338	5	12.15353	0.349345232227
rs13481339	5	12.32893	0.368138503106
rs13481340	5	12.51275	0.368138503113
rs3669635	5	14.50159	0.381353783114
rs13481349	5	14.71455	0.246250024714
rs13478115	5	15.62727	0.269820565157
rs13478119	5	17.1584	0.350298204441
rs13478123	5	18.73474	0.0052882539527
rs13478127	5	19.75603	0.013878324673
rs6256752	5	20.75329	0.0429540122252
rs13478135	5	21.44551	0.053261661739
rs6295831	5	21.94214	0.0532616617417
rs13478138	5	22.14804	0.0532616617504
rs3023036	5	22.30412	0.0984779364815
rs13478139	5	22.51995	0.0984779364918
rs13478141	5	22.98705	0.0984779364918
rs13478142	5	23.152	0.098477936476
rs13478143	5	23.47105	0.154836046129
rs3090417	5	23.73929	0.154798129725
rs13478145	5	24.15422	0.166491002596
rs13478146	5	24.51816	0.166484987932
rs13478148	5	24.86033	0.110453869681
rs6322061	5	26.77407	0.193238357822
rs6309009	5	27.14915	0.124749219157
rs13478154	5	27.44094	0.124749219077
rs13478160	5	29.30129	0.810150978734
rs13478161	5	29.41382	1.02610190089
rs13478162	5	29.65209	1.02610190093
rs13478167	5	31.22811	0.846778535415
rs13459084	5	31.49859	0.82498856934
rs13478170	5	32.09514	0.857375545513
rs13459083	5	32.795	0.627642897347
rs13478174	5	33.32962	0.62764289732
rs6196732	5	33.60503	0.690836003598
rs13478175	5	33.93083	0.711408120472
rs13478178	5	34.32713	0.789392257866
rs13478179	5	34.49589	0.789392257884
rs13459085	5	35.25142	0.789392257879
rs13478181	5	35.54209	0.784302522554
rs13478182	5	35.84941	0.784302522549
rs13478184	5	36.39319	0.7843025225
rs13478185	5	36.54877	0.730236751048
rs6346598	5	37.49366	0.684656723471
rs13478204	5	41.06729	0.560926006007
rs13478205	5	41.43396	0.433273502808
rs13478207	5	41.81326	0.43141379241
rs13478208	5	42.10899	0.431413792412
rs13478209	5	42.20144	0.431413792416
rs13478221	5	45.14158	0.531338696257
rs13478222	5	45.36266	0.423907985828
rs13478241	5	49.37582	0.233794527132
rs13478244	5	49.95924	0.201568451371
rs13478245	5	50.1528	0.20156845033
rs13478252	5	52.15523	0.253634774415
rs6237983	5	52.32609	0.213158078383
rs13478254	5	53.0475	0.151975071375
rs13478255	5	53.43118	0.106295784618
rs6263715	5	53.66732	0.106295784552
rs13478257	5	54.23923	0.0683287198946
rs13478261	5	55.29384	0.1000598553
rs13478262	5	55.43854	0.100059855308
rs13478263	5	55.63433	0.101349069942
rs13478264	5	55.91649	0.101349069943
rs13478265	5	56.11396	0.101349069942
rs13478268	5	57.62074	0.0995910291122
rs13478271	5	58.49227	0.118305328979
rs13478276	5	59.59445	0.114592519168
rs13478279	5	60.59388	0.105164059488
rs13478280	5	60.88285	0.105164059486
rs13478282	5	61.13794	0.105164059486
rs13478283	5	61.34073	0.105164059487
rs13478285	5	61.70607	0.105164059487
rs3684754	5	67.75143	0.255691919729
rs13478311	5	68.02908	0.259481488079
rs13478320	5	71.1333	0.342835384797
rs13478367	5	85.3317	0.631511976987
rs13478368	5	85.50259	0.631511977039
rs6167407	5	90.24721	0.812089173439
rs13478386	5	90.50027	0.838482402085
rs13478387	5	91.0515	0.869882810164
rs13478391	5	91.90449	0.617943588639
rs6232866	5	92.53994	0.659491294416
rs13478393	5	92.79111	0.659491294421
rs13478395	5	93.20349	0.659491294431
rs13478396	5	93.58601	0.66939774837
rs13478402	5	96.61967	0.669397748386
rs13478403	5	97.13648	0.716506979004
rs4225380	5	97.81151	0.576263501931
rs6370004	5	98.13042	0.532128814221
rs13478410	5	98.97579	0.530822913424
rs13478422	5	101.6568	0.242098008412
rs13478424	5	101.9982	0.242098008369
rs13478426	5	102.4564	0.242098008357
rs13478430	5	103.696	0.114520971624
rs13478442	5	106.7695	0.419982694934
rs13478443	5	106.929	0.419982695093
rs13478445	5	107.4122	0.545713276647
rs13478452	5	109.2728	0.48455085642
rs13478454	5	109.478	0.484550856412
rs13478455	5	109.7593	0.484550856511
rs13478458	5	110.769	0.554116655005
rs13478536	5	132.7313	0.692057357779
rs13478542	5	135.3582	0.699077826745
rs13478546	5	137.0095	0.734457564029
rs13478547	5	137.2229	0.734457564038
rs8265976	5	138.3608	0.988349450282
rs4225536	5	138.8984	0.892615401896
rs13478570	5	143.1232	0.842081896249
rs13478574	5	144.8684	0.87483519402
rs3023062	5	145.6318	0.823511722154
rs4138683	5	148.1596	0.754471253035
rs3668534	5	149.3166	0.59638300375
rs13478593	5	150.4508	0.433063923257
rs13459095	5	150.7495	0.446655562002
rs13459096	6	3.437173	0.860194020113
rs13478602	6	3.797193	0.860194020093
rs6172481	6	4.60803	0.817576070375
rs13478606	6	4.776907	0.81757607036
rs13478610	6	5.743622	0.832773637522
rs13478667	6	25.54762	0.0300375061763
rs13478694	6	32.25224	0.911386968723
rs13478696	6	32.58378	0.75700451209
rs13478697	6	32.80065	0.757004512007
rs13478698	6	32.91026	0.757004504995
rs13478705	6	34.45751	0.51676486754
rs6163979	6	34.50577	0.468918723274
rs13478712	6	36.2204	0.423919547082
rs3024195	6	36.56454	0.363395395874
rs13478720	6	38.80483	0.242361933954
rs13478721	6	39.06675	0.215488198549
rs13478727	6	43.77681	0.777511293983
rs3696518	6	43.90603	0.777511294008
rs13478728	6	44.14577	0.749446015939
rs6214044	6	44.30692	0.749446015683
rs13478729	6	44.48738	0.749446015683
rs6191358	6	44.68397	0.749446001298
rs13478730	6	44.97642	0.749446001282
rs6168553	6	50.55024	0.328804393777
rs3023068	6	52.18225	0.141242584551
rs3023069	6	52.19314	0.139549764414
rs13478756	6	52.73555	0.123366598097
rs13478757	6	52.84001	0.123366598079
rs13478758	6	53.06619	0.123366598041
rs13478759	6	53.33036	0.089795042276
rs13478761	6	53.70168	0.116400583046
rs13478762	6	54.17567	0.107688076212
rs13478768	6	55.50476	0.100376188887
rs13478802	6	66.35752	0.336043668224
rs13478819	6	73.25821	0.304112494928
rs13478827	6	74.84771	0.333122536694
rs13478829	6	75.33323	0.495866074336
rs13478830	6	75.62195	0.495866074398
rs13478833	6	76.58066	0.575481054131
rs13478834	6	76.77406	0.575481054137
rs13478843	6	78.56	0.424396591361
rs13478845	6	78.94722	0.542752221593
rs13478852	6	80.23633	0.542752221628
rs13478856	6	81.32958	0.600884745702
rs13478858	6	82.06836	0.576377458172
rs13478863	6	83.50602	0.634974880978
rs13478864	6	83.61342	0.634924764162
rs13478865	6	83.96893	0.349612457304
rs13459097	6	84.8403	0.357957038701
rs13478871	6	85.76755	0.4623135555
rs4221995	6	86.3733	0.462313555529
rs4226063	6	86.57983	0.462313559067
rs13478876	6	87.38415	0.505259306389
rs13478897	6	93.20346	0.889664814216
rs13478901	6	94.01377	0.766444278655
rs13478904	6	94.61858	0.65870147785
rs13478905	6	94.87452	0.713733465874
rs13478906	6	95.02351	0.668110589851
rs13478913	6	96.19598	0.54022050886
rs13478915	6	96.64675	0.521261460167
rs13478916	6	96.96692	0.445948578902
rs13478917	6	97.41919	0.445948578884
rs13478919	6	97.87802	0.445948578891
rs13478927	6	100.1978	0.974405328316
rs13478932	6	101.6242	0.946592448588
rs13478933	6	101.7973	1.13199528172
rs13478934	6	102.028	1.13199528185
rs13478935	6	102.2283	1.21615634464
rs13478936	6	102.4007	1.20472467719
rs13478941	6	103.3488	0.978955215266
rs13478948	6	104.7982	1.03149729499
rs13478950	6	105.2413	1.03149729471
rs6344812	6	105.9607	1.03144754214
rs3675615	6	107.7449	0.755455190619
rs13478966	6	109.9963	0.625761116586
rs13478971	6	111.2498	0.453876636764
rs13478977	6	112.4745	0.494336495701
rs13478978	6	112.8008	0.472160030061
rs13478983	6	114.2133	0.528035260457
rs13478985	6	114.7604	0.528035263408
rs13478990	6	116.2066	0.518927474068
rs13479058	6	135.2721	0.0867797271663
rs13479059	6	135.6102	0.0867797285554
rs4226339	6	136.3508	0.0700356573022
rs13479070	6	137.9284	0.0660456372108
rs13479071	6	138.2035	0.0660456388686
rs3024135	6	139.9437	0.23288149364
rs8262456	6	141.5174	0.23029608959
rs13479085	6	144.9099	0.284229371735
rs13479086	6	145.2443	0.303332971414
rs3089737	6	145.4061	0.30333297137
rs13479087	6	145.7302	0.303332971345
rs13479088	6	146.3741	0.270832657229
rs3023105	6	146.4253	0.139374590642
rs3090435	6	146.5822	0.162598174163
rs3023103	6	146.9346	0.174573216027
rs13479099	6	147.1477	0.174573216038
rs13479091	6	147.4363	0.206143858322
rs3023840	6	147.6216	0.254722877374
rs13479093	6	147.8695	0.253597431724
rs6155595	6	148.0469	0.25359743173
rs13479094	6	148.2581	0.28526387582
rs8252589	7	3.664872	2.62295947109
rs13479104	7	4.302475	2.61721409822
rs13479112	7	6.753245	2.68722863063
rs13479114	7	7.092609	2.4861679338
rs13479120	7	10.6857	2.49431990356
rs13479124	7	12.36055	2.44138825044
rs3696670	7	17.15262	1.95066646433
rs6361142	7	18.23466	1.96237591407
rs13479143	7	18.59135	1.96237591411
rs13479144	7	18.88853	2.00501172669
rs4226443	7	20.09456	1.81356567397
rs13479147	7	20.60945	1.81356567463
rs6259364	7	24.41073	1.75091525388
rs4226461	7	24.92823	1.75091525385
rs4226520	7	30.56647	1.1619256443
rs4226522	7	30.89089	1.19620046845
rs13479179	7	32.23305	1.37633798421
rs13479186	7	35.18566	1.37633798068
rs6239372	7	35.48387	1.19275592593
rs13479187	7	35.72226	1.19275591475
rs4226547	7	36.55944	1.19275591474
rs13479191	7	36.91715	1.17443638404
rs13479192	7	37.13999	1.17443638403
rs6239325	7	37.92855	1.00865047252
rs6357010	7	38.40504	1.00865046665
rs13479197	7	38.58202	0.939545858654
rs6230901	7	39.05276	0.928345832343
rs3090660	7	57.60445	0.371304606731
rs13479245	7	58.29226	0.371304606677
rs4226628	7	59.24835	0.290978954498
rs13479251	7	59.66032	0.290978954463
rs13479253	7	60.12814	0.290978954463
rs13479254	7	60.41255	0.290978954467
rs13479257	7	61.03418	0.293629785361
rs13479266	7	63.21702	0.396343825819
rs13479269	7	63.99331	0.390229623786
rs6388842	7	64.57133	0.367234236671
rs13479273	7	65.21317	0.367234236644
rs13479274	7	65.36712	0.367234236644
rs13479275	7	65.60977	0.367234236621
rs13479276	7	65.71752	0.343984431799
rs13479277	7	65.96471	0.343984431627
rs13479278	7	66.06987	0.265488216283
rs13479279	7	66.26036	0.265488216256
rs3717935	7	71.66104	0.245609137146
rs3665652	7	71.81137	0.245609137014
rs3088794	7	73.34086	0.249366408759
rs13479310	7	74.52446	0.202539121352
rs13479311	7	74.83672	0.202539121345
rs13479314	7	75.53636	0.202523241862
rs13479317	7	76.63539	0.373927927709
rs13479319	7	76.94138	0.381792222129
rs13479338	7	81.20387	0.489738800631
rs3023657	7	82.77872	0.434898737955
rs13479347	7	83.43256	0.43489873797
rs3712315	7	85.28846	0.480677622953
rs13479360	7	87.17467	0.355019421035
rs4226715	7	87.40999	0.355019421029
rs13479366	7	88.88786	0.450262911225
rs13479372	7	90.43444	0.447120358427
rs6188470	7	90.86552	0.40113436906
rs13479376	7	91.59687	0.415422509483
rs13479380	7	92.96436	0.540953930468
rs13479383	7	93.81251	0.530235591076
rs13479392	7	95.84771	0.689791141962
rs13479396	7	97.35768	0.708000444796
rs4226764	7	97.59629	0.708000444795
rs13479397	7	97.61759	0.708000444795
rs13479399	7	98.6343	0.708000444795
rs13479400	7	98.84956	0.708000444781
rs13479406	7	100.431	0.689841979935
rs13479411	7	101.8369	0.702160028045
rs13479412	7	102.1505	0.702160028074
rs13479416	7	103.1325	0.816858329802
rs13479422	7	104.9947	0.573014258955
rs13479424	7	105.5067	0.551824012808
rs3707067	7	105.8695	0.554973268381
rs13479431	7	108.7934	0.526718225348
rs13479433	7	108.8947	0.414919562375
rs13479435	7	109.557	0.357972913722
rs6348585	7	110.1119	0.357972913662
rs13479437	7	110.3352	0.357972913662
rs13479438	7	110.7784	0.357972913689
rs13479440	7	111.0777	0.415126009834
rs13479441	7	111.2975	0.415126009512
rs13479443	7	111.7451	0.633796696024
rs13479446	7	112.5867	0.633796704919
rs13459173	7	112.7848	0.543991844399
rs13479449	7	113.6545	0.552144258976
rs13479450	7	114.017	0.552144258979
rs13479451	7	114.5125	0.522718720612
rs13479473	7	122.9986	0.915926775934
rs6396580	7	123.5921	0.835982434714
rs3690155	7	123.8313	0.854718239123
rs13479477	7	124.382	0.767254445841
rs4226875	7	125.8806	0.72613590648
rs4136997	7	125.9551	0.726135906464
rs13479493	7	128.4865	0.890888412613
rs13479499	7	130.1815	0.901011907917
rs13479503	7	131.1073	0.85096674596
rs13479507	7	132.0349	1.01188474603
rs13479517	7	135.134	0.24545129264
rs13479518	7	135.2769	0.245451292576
rs13479521	7	136.0484	0.086689913328
rs3023162	7	136.4365	0.0866899133337
rs6386671	7	136.9558	0.065370537745
rs3700241	7	146.9743	0.0345722622171
rs3702235	7	147.1143	0.0345722654741
rs13479570	7	151.8145	0.0346428968409
rs6361889	8	8.362154	0.00391738124802
rs13479599	8	8.734616	0.0029455954915
rs13479600	8	8.884954	0.0138132089353
rs13479603	8	9.530463	0.0111147618966
rs13479605	8	10.52176	0.0400172044303
rs13479618	8	15.16996	0.543037601994
rs13479619	8	15.27937	0.672026599335
rs13479637	8	15.63331	0.672026600384
rs13479621	8	15.99338	0.67202660491
rs13479623	8	16.55619	0.439105161462
rs13479624	8	16.85915	0.439120235377
rs3699325	8	17.3289	0.7061436718
rs13479627	8	18.05593	0.520274858154
rs13479628	8	18.31645	0.520274858193
rs13479629	8	18.63259	0.461533912212
rs13479635	8	19.65061	0.422874466097
rs13479643	8	23.06972	0.354909787016
rs13479645	8	23.43825	0.387733967143
rs13479650	8	24.8811	0.424799465368
rs13479652	8	25.40385	0.36295302662
rs13459102	8	26.13314	0.538680675554
rs13479655	8	26.45166	0.538680675575
rs13479657	8	27.00423	0.538680675575
rs13479658	8	27.24905	0.538680675575
rs13479660	8	27.5862	0.538680675578
rs13479673	8	30.34478	0.555939418872
rs3023638	8	30.9861	0.55155052442
rs13479711	8	39.48894	0.160180549586
rs13479712	8	39.58835	0.160180551559
rs13479713	8	39.80431	0.160182373592
rs13479716	8	40.79461	0.160182373592
rs13479718	8	41.27831	0.160182373591
rs13479719	8	41.46419	0.160182373591
rs13479720	8	41.76621	0.160182373591
rs4227132	8	42.00703	0.160182373592
rs3696853	8	42.33897	0.160182373568
rs13479725	8	42.57731	0.119878561689
rs13479726	8	42.69224	0.11987856166
rs13479730	8	43.88085	0.113822254638
rs13479731	8	44.21564	0.113822254636
rs13479735	8	46.64926	0.113736035192
rs13479741	8	48.18645	0.117742889049
rs6374434	8	48.45642	0.123836795814
rs6209658	8	48.83167	0.12383679585
rs13479782	8	60.5212	0.140714162937
rs13479783	8	60.85458	0.140714162936
rs6356329	8	61.52275	0.140714162936
rs13479785	8	61.63973	0.140714162936
rs13479786	8	61.95691	0.140714162936
rs13479787	8	62.38942	0.140714162935
rs13479788	8	62.75802	0.140714162937
rs13479800	8	66.6415	0.300242401753
rs13479802	8	66.97888	0.300242401824
rs13479807	8	68.14175	0.474135373897
rs13479809	8	68.49418	0.474135373966
rs6314247	8	68.69118	0.474135373943
rs13479813	8	70.43189	0.364652391607
rs13479814	8	70.84543	0.364531236944
rs3089636	8	71.25466	0.364531237093
rs8253498	8	71.4305	0.364531237265
rs13479860	8	84.78554	0.424485933318
rs13479825	8	85.70711	0.38813365387
rs3023193	8	87.2452	0.370143898394
rs3703660	8	87.78444	0.370143898426
rs13479880	8	89.27103	0.47921297591
rs13479884	8	90.18324	0.47946503371
rs13479902	8	90.85254	0.602209061895
rs13479907	8	91.90525	0.636149806648
rs4227321	8	95.35505	0.781149652575
rs13479947	8	101.8298	0.611948889858
rs13479950	8	102.7121	0.582709187098
rs3683566	8	104.129	0.708010358857
rs13479955	8	104.4297	0.628431541687
rs13479960	8	105.8954	0.84440990238
rs13479968	8	109.5689	0.630506253032
rs13479970	8	109.8561	0.366374064756
rs13479977	8	111.0811	0.283379266829
rs13479983	8	112.4596	0.194619147127
rs6310515	8	112.5797	0.224494877832
rs13479995	8	116.2367	0.252278161636
rs3693158	8	117.6632	0.232683316523
rs13480021	8	124.667	1.20746350828
rs13480024	8	125.4181	1.20644215072
rs3721950	8	126.4928	1.17830290515
rs13480035	8	128.8759	1.38589284437
rs13480036	8	129.131	1.52112236691
rs13480037	8	129.3619	1.52112236701
rs13480039	8	129.7546	1.58988414049
rs13480042	8	130.2888	1.59164116476
rs13480045	8	130.8891	1.8847349647
rs13480048	8	131.5994	1.77218016986
rs13477343	9	4.062862	0.292202947457
rs13477342	9	4.379308	0.29220294753
rs13477341	9	4.536196	0.458251531161
rs13480052	9	6.45572	0.365005612301
rs13480057	9	7.64408	0.363272698554
rs13480060	9	8.1094	0.566235492241
rs13480061	9	8.3294	0.566235492294
rs13480062	9	8.637372	0.566235492221
rs13480064	9	9.011234	0.611136293122
rs13480065	9	9.290508	0.50997604671
rs13480067	9	9.655822	0.509976046664
rs13480081	9	16.18047	0.736139701878
rs13480084	9	17.07664	0.75044164391
rs13480085	9	17.39746	0.750441643938
rs13480086	9	17.71384	0.771579871242
rs8270115	9	21.765	0.665059088028
rs13459107	9	28.10637	0.618077101093
rs13480138	9	35.3237	0.508705570486
rs13480141	9	36.75465	0.672278733858
rs13480142	9	36.94492	0.647498967349
rs13480150	9	39.53195	0.741474649192
rs13480152	9	40.07165	0.844984827661
rs13480153	9	40.48362	0.803300755534
rs13480155	9	40.84327	0.807329029715
rs13480156	9	41.06383	0.485323935566
rs13480157	9	41.32095	0.490566252159
rs6289553	9	42.35325	0.568175741878
rs8274937	9	44.98933	0.532758233862
rs13480174	9	46.77594	0.65548999412
rs3663964	9	48.41448	0.719725107384
rs6350017	9	48.76304	0.70552840082
rs13480183	9	49.3273	0.520711316672
rs13480201	9	53.63637	0.182998722446
rs13480207	9	54.79416	0.173984705786
rs13480208	9	55.0401	0.173984705789
rs4227694	9	58.11019	0.258284256988
rs6313405	9	60.22079	0.237633668511
rs13480229	9	61.33411	0.201362588707
rs13480233	9	62.39963	0.146397430059
rs13480239	9	63.65887	0.152215560558
rs13480241	9	64.0414	0.152215560513
rs13480248	9	65.88888	0.135578210445
rs3023215	9	66.02371	0.135578210442
rs13480250	9	66.43269	0.135578210442
rs6247360	9	66.56404	0.135578210435
rs13480251	9	66.83817	0.12844800953
rs13480253	9	67.22463	0.0845911364033
rs6270337	9	68.1137	0.0743771148793
rs13480263	9	70.17023	0.110419149231
rs3154890	9	71.13914	0.148169451678
rs13480278	9	74.05851	0.320498650094
rs6161630	9	76.07989	0.274273544579
rs3717770	9	76.86608	0.27427354458
rs13480294	9	78.62613	0.338245167006
rs13480302	9	80.62643	0.439309409364
rs13480306	9	82.10462	0.662781232851
rs13480308	9	82.59864	0.557572031717
rs13480312	9	83.68762	0.423937458602
rs13480314	9	84.374	0.321398597503
rs6161771	9	85.10656	0.34180723568
rs13480318	9	86.2012	0.435778311827
rs13480320	9	86.51201	0.468353617047
rs3669564	9	87.78039	0.50355730139
rs13480334	9	89.33361	0.530942484417
rs13480335	9	89.56278	0.741442320168
rs13480337	9	89.92878	0.842721527966
rs13480339	9	90.30769	0.842721528036
rs6202847	9	91.59251	0.67112297291
rs13480351	9	94.17923	0.799942893737
rs3712219	9	94.38044	0.799942893729
rs3023143	9	95.26659	0.719383560049
rs13480354	9	95.40994	0.719383560024
rs13480356	9	95.76122	0.71938355213
rs8259478	9	96.23425	0.773299493666
rs13480362	9	97.69392	0.830563300717
rs13480364	9	98.08091	0.830563302086
rs13480365	9	98.47973	0.707787405496
rs13480378	9	101.3954	0.95670591497
rs13480384	9	102.7091	0.837262842647
rs13459113	9	103.1274	0.713017658992
rs13480386	9	103.5278	0.714741554168
rs13480388	9	104.0158	0.773977171954
rs13480389	9	104.2342	0.773977173007
rs13480391	9	104.3374	0.773977173001
rs13480394	9	104.7751	0.77397717299
rs13480397	9	105.367	0.680344602597
rs13480398	9	105.6767	0.708573392112
rs3090478	9	107.5236	0.767484517994
rs13480405	9	108.1011	0.743819725671
rs13480419	9	111.0955	0.741049734795
rs6335220	9	113.8105	0.611299304968
rs3698968	9	115.1599	0.510172214713
rs6244221	9	120.7538	0.872639544489
rs13480477	10	3.372171	0.816098379217
rs13480476	10	3.614762	0.873411619073
rs13480475	10	3.948808	0.873329321601
rs13480474	10	4.403267	0.8733293216
rs13480473	10	4.768988	0.864547389329
rs13480470	10	5.708736	0.765349431008
rs13480467	10	6.319797	0.823812689786
rs13480464	10	6.861656	0.8238126957
rs13480482	10	7.838739	0.853915329379
rs13480485	10	8.436002	1.20089578008
rs13480487	10	8.759565	1.2008957803
rs13480488	10	8.964116	1.28612280558
rs13480489	10	9.089508	1.15513492208
rs13480490	10	9.239944	1.02214469574
rs13480491	10	9.490249	1.04132932296
rs13480492	10	9.80887	1.04132932298
rs13480494	10	10.19399	1.04132932298
rs13480495	10	10.46979	1.04132932298
rs6208271	10	10.6188	1.04132932298
rs3700694	10	10.71763	1.04132932298
rs13480496	10	10.83544	1.04132932298
rs13480497	10	10.97798	1.04132932328
rs13480501	10	11.80819	0.935434645588
rs13480503	10	12.14479	1.017541087
rs3090195	10	12.54807	1.29037229569
rs13480505	10	13.86366	1.38717951601
rs4228126	10	14.12249	1.32417445039
rs13480508	10	15.45888	1.12454943988
rs13480510	10	15.80169	1.1245494399
rs13480511	10	15.9548	1.20005492174
rs13480513	10	16.44309	1.20005492174
rs13480514	10	16.74178	1.15585607566
rs13480515	10	16.98152	1.15585607591
rs13480516	10	17.23324	1.45944797711
rs13480517	10	17.36212	1.41210624625
rs13480518	10	17.87956	1.4121062462
rs13480519	10	18.02272	1.41210624598
rs13480521	10	18.40922	1.36306769767
rs13480522	10	18.61718	1.40566264708
rs13480525	10	18.98051	1.45265357042
rs13480526	10	19.09832	1.3143847569
rs13480527	10	19.33611	1.21960651028
rs13480529	10	19.82377	1.32263076438
rs13459119	10	20.04549	1.18968219681
rs13480530	10	20.22359	1.19527245243
rs13480531	10	20.49329	1.19527245242
rs13480533	10	21.0091	1.10355732513
rs13480536	10	21.65371	1.10899827299
rs13480541	10	22.64401	0.905618398811
rs13480542	10	22.82823	0.905618398837
rs13480543	10	23.09771	0.987846457696
rs13480547	10	24.20737	1.02857762779
rs6323966	10	24.64542	0.989968237176
rs13480550	10	25.00016	0.977220831373
rs13480553	10	25.5085	0.866934917159
rs13480554	10	25.67069	0.909974201463
rs13480556	10	26.38741	0.916156176807
rs3023232	10	26.73433	0.855465184613
rs13480558	10	26.90428	0.952826589221
rs13480559	10	27.16467	0.952826589236
rs13480560	10	27.28327	0.952826589224
rs13480570	10	30.72595	0.668725307748
rs13480575	10	33.37283	0.875585875921
rs13480578	10	34.29766	0.887503011318
rs13480579	10	35.91785	0.808753085649
rs4228203	10	40.65819	1.47783919539
rs13480590	10	41.72002	1.86799138585
rs13480592	10	42.05055	1.86799138587
rs13480597	10	43.23003	1.76419359668
rs13480598	10	43.35579	1.76419359669
rs13480599	10	43.62592	2.08732058233
rs3708074	10	48.87396	1.77357662712
rs3696307	10	53.46296	1.85656615345
rs13480617	10	56.98561	1.91627336296
rs13480619	10	57.47227	1.98657353358
rs13480621	10	59.8992	1.81911881716
rs13480628	10	66.70092	1.70939350205
rs13480629	10	67.07906	1.71577371919
rs13480630	10	67.28384	1.71577371919
rs13480649	10	73.19387	1.6336433774
rs13480657	10	76.17559	1.7399743125
rs6249559	10	81.82895	1.92669884556
rs13480669	10	81.96185	1.92669884535
rs13480670	10	82.12499	1.72379693815
rs13480684	10	85.33533	2.00694454842
rs13480685	10	85.58585	2.00694455347
rs6182528	10	88.81575	2.97345694009
rs4228388	10	89.17496	2.91920318049
rs13480699	10	89.84881	2.91920318035
rs13480703	10	90.88056	2.68674141697
rs13480704	10	91.21227	2.20693843503
rs13480709	10	92.23894	2.20211479723
rs13480711	10	92.70188	2.20211479723
rs13480712	10	92.97898	2.20211479699
rs13480714	10	93.51003	2.24995322361
rs13480722	10	97.11219	2.51566016275
rs13480732	10	101.4263	1.45479939847
rs13480734	10	101.838	1.45479939674
rs13480736	10	102.4617	1.45479939674
rs13480742	10	103.9662	1.44392022564
rs13480743	10	104.0975	1.44392022564
rs3653405	10	104.1005	1.44392022564
rs13480744	10	104.4418	1.44392022564
rs13480745	10	104.6219	1.44392022564
rs13480746	10	104.7548	1.44392022567
rs13480751	10	105.8563	1.5692424909
rs13480753	10	106.4865	1.56924249098
rs13480757	10	107.7979	2.08188653606
rs13480758	10	107.9103	2.08188653611
rs6243755	10	108.1748	2.08188653717
rs13480759	10	108.8157	2.10985018534
rs3690259	10	113.9939	1.3150254728
rs3671586	10	117.8395	0.64628343086
rs13480798	10	121.5772	1.06183709611
rs13480799	10	121.8919	1.06183709579
rs13480808	10	123.8337	0.601616291045
rs13480810	10	124.4279	0.601616291039
rs13480814	10	125.0901	0.796903682578
rs13480815	10	125.4508	0.808430731816
rs3697243	10	126.2501	0.700345018786
rs13480824	10	127.5217	0.624238953718
rs3676330	10	127.6471	0.62423895371
rs13480826	10	127.8745	0.62423895371
rs13480835	11	3.234216	0.410559975585
rs3659787	11	4.408733	0.479278231528
rs13480842	11	4.932101	0.533892973135
rs13480844	11	5.272354	0.554214964713
rs4222040	11	5.68465	0.651930164968
rs6163251	11	5.855128	0.672388947172
rs13480854	11	7.524005	1.08102506579
rs13480856	11	7.85288	1.08102506582
rs13480857	11	8.040594	1.08102506768
rs13480859	11	8.378426	1.08102508154
rs13480863	11	9.19362	1.01796136573
rs6335368	11	9.680002	1.01796136627
rs13480867	11	10.19003	1.01796136629
rs13480876	11	12.44577	1.22453354301
rs13480881	11	14.27877	1.22352745351
rs13480888	11	16.85339	0.665193210126
rs13480894	11	17.8457	0.789723135695
rs13480937	11	30.05939	0.702909411626
rs13480939	11	30.37469	0.702919049424
rs13480941	11	30.71558	0.702919050407
rs13480944	11	31.49252	0.80115043159
rs3090111	11	31.53105	0.829360973555
rs3657760	11	32.86094	0.83718597162
rs13480955	11	34.31573	0.68051959009
rs6239937	11	34.83339	0.694807910664
rs13480963	11	35.29165	0.644379565267
rs6267501	11	36.61645	0.704932869349
rs3023253	11	36.97384	0.687613010849
rs6318841	11	37.21943	0.687613010922
rs6371316	11	38.14373	0.836183342488
rs6359329	11	38.36562	0.83580162998
rs13480979	11	39.71154	0.545738370643
rs13480991	11	42.63469	0.391765732623
rs13481003	11	44.54414	0.425495494621
rs13481007	11	45.49967	0.490105167765
rs13481008	11	45.71573	0.462271093242
rs6365385	11	46.19703	0.466081707817
rs13481009	11	46.34192	0.53343395227
rs13481010	11	46.63116	0.533433952351
rs13481014	11	47.93088	0.591670249853
rs13481015	11	48.0658	0.591670253149
rs13485794	11	54.07879	0.321398165281
rs13481031	11	54.23209	0.321398165283
rs13481032	11	54.53535	0.321398165292
rs4228731	11	55.20806	0.379607592288
rs13481037	11	55.6056	0.318143802201
rs3088940	11	56.32957	0.318143802187
rs3023265	11	57.57412	0.34522164715
rs3023311	11	58.78352	0.385728202742
rs13481054	11	59.96893	0.385620733435
rs6349813	11	60.25683	0.408659928724
rs13481050	11	60.56757	0.408659928729
rs3023809	11	62.20833	0.391974124901
rs13481060	11	62.60642	0.427828662365
rs13481072	11	65.2499	0.316114480467
rs13481076	11	66.53235	0.147652406805
rs13481078	11	66.99959	0.116391770413
rs13481080	11	67.46465	0.107570491402
rs6262977	11	67.70592	0.107570491398
rs13481081	11	67.9629	0.107570491387
rs13481083	11	68.28175	0.0982690502816
rs13481084	11	68.58402	0.0629226622792
rs13481088	11	69.63388	0.0054052359601
rs6166031	11	70.7189	0.0406721603159
rs13481089	11	70.95365	0.0238110572608
rs13481091	11	71.71377	0.0664860002344
rs3023278	11	71.98159	0.0664860002398
rs13481093	11	72.36401	0.0664860002397
rs13481097	11	73.50391	0.065846442312
rs8254328	11	74.48837	0.0645243131755
rs3023301	11	74.52251	0.0848135241674
rs13481102	11	74.87318	0.114600157882
rs13481105	11	75.46056	0.176768367535
rs13481107	11	75.95808	0.17324969505
rs13459131	11	76.0609	0.173249694273
rs13481109	11	76.40865	0.173249694128
rs3662476	11	76.76105	0.141091166114
rs13481113	11	77.5135	0.141091166074
rs13481117	11	79.06573	0.0864899113235
rs13481119	11	79.3607	0.0838513341172
rs13481126	11	83.09701	0.0518920829618
rs13481128	11	83.52194	0.0714354328677
rs13481129	11	83.73231	0.0714354328748
rs13481130	11	84.08612	0.0714354328819
rs13481131	11	84.18383	0.0772717759932
rs3089791	11	84.35344	0.0772717759636
rs13481135	11	85.66069	0.0712814533567
rs13481138	11	86.50625	0.109235341467
rs13481139	11	86.82116	0.109235341495
rs13481142	11	87.5763	0.109235341833
rs13481115	11	87.86049	0.123820078959
rs13481145	11	88.24919	0.245181595357
rs13481152	11	89.93891	0.35650129159
rs13481154	11	90.20318	0.302797691943
rs13481156	11	90.66442	0.256925917881
rs13481163	11	93.04658	0.298249114655
rs3682457	11	93.37489	0.242751792215
rs13481165	11	93.85153	0.242751792154
rs3088501	11	94.19177	0.242751792164
rs13481166	11	94.23419	0.248523331609
rs3682621	11	96.54322	0.0581919492772
rs13481183	11	99.10529	0.0791326072489
rs3023315	11	99.37014	0.0717992129712
rs13481187	11	100.5136	0.0259828769191
rs13481194	11	101.4603	0.0322631654831
rs4229101	11	102.0102	0.0580482173566
rs13481198	11	102.4883	0.057732307767
rs13481199	11	102.6614	0.0609194679578
rs13481201	11	103.0388	0.0609194679445
rs3153215	11	104.1935	0.0623668030156
rs13481205	11	104.7726	0.0882423134542
rs13481209	11	105.9756	0.0781510788486
rs13481211	11	106.2668	0.083144661001
rs13481216	11	107.2728	0.0667451546111
rs13481218	11	107.6512	0.0667451546034
rs13481220	11	108.3812	0.0212925696308
rs13481228	11	110.4567	0.0276818153757
rs13481229	11	110.5755	0.0251530001266
rs13481230	11	111.0225	0.0634202699097
rs3023710	11	117.7554	0.00870717839132
rs13481256	11	118.0073	0.00795808645444
rs13481257	11	118.1566	0.00356790519413
rs13481262	11	119.2161	0.0246918794867
rs4229215	11	119.4712	0.0254733827555
rs6292954	12	9.955006	0.331302073362
rs13481295	12	10.20122	0.390130228807
rs13481296	12	10.46574	0.476481309849
rs13481299	12	11.04872	0.537937959485
rs13481300	12	11.46942	0.558802244715
rs13481301	12	11.67296	0.558802244743
rs13481317	12	15.79162	0.540609285365
rs13481321	12	16.68716	0.527599890341
rs13481322	12	16.96523	0.527599890339
rs3023949	12	17.19877	0.52759989032
rs13481324	12	17.58135	0.507185051172
rs13481350	12	25.34161	0.466863404749
rs4229259	12	25.35114	0.466863404997
rs4229283	12	25.77981	0.46764526055
rs13481352	12	25.98869	0.44738425335
rs3665818	12	26.16583	0.447384253888
rs4229294	12	26.99247	0.425082197538
rs13481355	12	27.25833	0.425082197548
rs13481358	12	27.81092	0.470731114213
rs13481361	12	28.25015	0.47073111412
rs13481362	12	28.48971	0.323078804923
rs13481363	12	28.66558	0.323078803652
rs13481364	12	28.96144	0.326357927594
rs3089800	12	29.6854	0.260049464024
rs13481373	12	31.23852	0.28497644604
rs13481378	12	32.32558	0.332213382404
rs13481380	12	32.7822	0.332213382408
rs6236391	12	33.49934	0.325551764585
rs13481383	12	33.74663	0.341086631055
rs13481384	12	33.87536	0.341086631215
rs6187012	12	34.23985	0.251987017072
rs6223000	12	34.86761	0.223961358791
rs13481388	12	35.44674	0.149799022939
rs13481394	12	37.29317	0.181231510969
rs3089231	12	37.47209	0.15914625107
rs6311081	12	37.73738	0.15914625107
rs6243157	12	38.00107	0.18240617094
rs3088766	12	38.51536	0.204919841493
rs13481398	12	39.35862	0.204919841519
rs13481399	12	39.54133	0.204919841537
rs13481401	12	39.87551	0.221968827959
rs13481402	12	40.04808	0.221968827956
rs13481403	12	40.21558	0.221968827956
rs13481404	12	40.38413	0.221968827968
rs13481405	12	40.55757	0.258946372025
rs6305482	12	43.98012	0.205092011075
rs13481421	12	44.89019	0.205092012542
rs13481422	12	45.27928	0.195347598828
rs3726096	12	45.45565	0.183358577902
rs13481425	12	46.00898	0.183358577904
rs13481426	12	46.24558	0.234156127954
rs6153111	12	46.46047	0.234156127957
rs13481427	12	46.7812	0.234274261764
rs3688532	12	47.32732	0.23427426177
rs13481429	12	47.56507	0.271446103354
rs13481431	12	47.90241	0.237389697778
rs13481433	12	48.24502	0.261617305882
rs13481455	12	53.91105	0.270665677926
rs13481457	12	54.32914	0.265225579781
rs13481467	12	57.36703	0.0944220652223
rs3023347	12	57.81154	0.0430483841702
rs6297907	12	60.71323	0.0156249677531
rs13481483	12	61.06848	0.0282262704345
rs13481485	12	61.66599	0.0404203228294
rs13481487	12	62.24424	0.0404203228387
rs13481491	12	62.94171	0.0297856768794
rs13481494	12	63.6311	0.0342289552677
rs13481499	12	65.4888	0.0340543997014
rs13481500	12	65.57272	0.0340543997013
rs3675722	12	65.61729	0.0340543997078
rs13481502	12	66.01198	0.053468252921
rs6183647	12	68.58213	0.044216661069
rs6344105	12	68.86021	0.0449816897086
rs3658889	12	69.5748	0.0449816897093
rs13481513	12	69.76207	0.0449816897093
rs6333493	12	70.00754	0.0449816897093
rs3023345	12	70.68547	0.0449816897066
rs13481522	12	72.80351	0.0233757161672
rs13481524	12	73.36695	0.0132565085568
rs6340736	12	73.47753	0.0132565085637
rs13481527	12	73.98818	0.0230088540281
rs3021895	12	75.03009	0.0062863485141
rs13481536	12	76.55405	0.00644518342438
rs13481537	12	76.8322	0.00689664017114
rs13481538	12	76.99366	0.00689664018694
rs13481539	12	77.20334	0.00418617602747
rs13481541	12	77.4793	0.00293087212538
rs13481543	12	77.98872	0.0055085729
rs13481546	12	78.89955	0.0499084953486
rs13481548	12	79.27313	0.0523007646059
rs13481551	12	80.18086	0.091654021086
rs3662628	12	80.36247	0.0916540212169
rs6318521	12	80.75991	0.0730083125779
rs3719530	12	82.07278	0.0231547315502
rs13481569	12	86.98629	0.0103461123972
rs13481570	12	87.12422	0.0103461123928
rs13481574	12	88.41665	0.00543699698108
rs8261231	12	88.50539	0.00543699702939
rs13481576	12	88.77702	0.00115345635606
rs6402639	12	90.4413	0.000788386023828
rs13481581	12	90.63894	0.000788385949818
rs6288403	12	92.20903	0.0169653722772
rs13481601	12	98.04741	0.0907094321793
rs13481604	12	99.31732	0.113893165201
rs13481606	12	99.72945	0.0943653643609
rs13481607	12	99.8725	0.103601862271
rs3088800	12	100.0009	0.103601862278
rs13481609	12	100.5015	0.113488113352
rs13481611	12	100.8182	0.135584673936
rs4229511	12	101.4478	0.214293670303
rs13481613	12	102.1511	0.336306492085
rs13481614	12	102.3857	0.336306492104
rs3024120	12	102.6474	0.336306492161
rs3690738	12	103.1226	0.38686533456
rs13481620	12	104.2699	0.343010651084
rs3717868	12	106.0578	0.274461552751
rs13481665	13	3.648555	0.853798169248
rs13481666	13	3.912232	0.853798169281
rs3023640	13	4.791161	0.879205860736
rs13481670	13	4.918536	0.879205860489
rs13481672	13	5.398235	0.879205860462
rs13481673	13	5.584894	0.825966099899
rs13481683	13	9.385717	1.03338546553
rs6329684	13	10.06506	1.03338546574
rs13481689	13	10.82626	1.01819316366
rs6198959	13	11.19379	0.990141816034
rs13481692	13	11.75458	0.990141816127
rs13459139	13	12.15522	0.967744854966
rs13481702	13	14.84837	0.88411958803
rs13481708	13	16.81889	0.658066194853
rs13481709	13	16.93009	0.658066194838
rs13481710	13	17.34435	0.658066194839
rs3023379	13	18.3885	0.640340474173
rs13481713	13	18.70567	0.640340474982
rs6345767	13	19.48804	0.560651191217
rs13481716	13	19.58566	0.560651191188
rs6314295	13	20.21306	0.518040752617
rs13481722	13	20.99754	0.550655744137
rs8266896	13	21.38332	0.55065574415
rs8267074	13	23.8038	0.62908461761
rs3691376	13	23.87734	0.629084616598
rs13481743	13	31.9853	0.607376826252
rs13481744	13	32.31227	0.607376827617
rs13481747	13	32.87579	0.607376828035
rs13481749	13	33.33944	0.679279381235
rs13481752	13	34.04078	0.576770151742
rs13481755	13	34.49766	0.684544814303
rs13481760	13	35.7015	0.585859384365
rs13481762	13	36.32948	0.687343627545
rs13481763	13	36.43718	0.687343627563
rs13481764	13	36.64948	0.687343627564
rs3090768	13	36.69655	0.687343627548
rs6259014	13	37.33899	0.670873028009
rs3088825	13	37.72383	0.533031999863
rs13481769	13	38.78331	0.527174309707
rs13481772	13	39.59539	0.765787761064
rs3722313	13	41.53816	0.894419407043
rs13481782	13	42.77842	0.849063336738
rs13481788	13	43.72801	0.941401383623
rs13481789	13	43.92041	0.798420297688
rs13481790	13	44.14279	0.798420297646
rs13481791	13	44.30289	0.798420297646
rs3089102	13	44.49687	0.798420297678
rs13481793	13	44.97982	0.827987829751
rs3688207	13	45.45466	0.951529428189
rs13481795	13	45.981	1.04894541826
rs13481801	13	47.17921	1.21939241147
rs6244558	13	47.91136	1.21939241149
rs13481810	13	52.1372	1.30922665227
rs4229749	13	53.42828	1.34677553605
rs8273881	13	55.50031	1.30179809099
rs3698807	13	56.04827	1.13225293875
rs13481825	13	57.5418	1.2245423716
rs13481826	13	57.65972	1.2245423716
rs13481827	13	57.87923	1.05070157975
rs13481837	13	60.16506	0.95542498501
rs13481838	13	60.39243	0.903106185862
rs13481849	13	63.80979	0.814746920439
rs13481850	13	63.97334	0.707519584476
rs13481855	13	65.39789	0.625904123507
rs13481861	13	68.71151	0.546155860438
rs13481864	13	69.57765	0.742220689209
rs13481865	13	69.68808	0.742220687973
rs13481870	13	71.14097	0.734040395921
rs13481873	13	72.49011	0.766192062295
rs13481875	13	73.25852	0.540781316945
rs13481876	13	73.4315	0.540781316884
rs13481877	13	73.67259	0.540424325027
rs13481888	13	76.62044	0.701504810709
rs13481889	13	76.90296	0.776288566846
rs13481892	13	77.53762	0.77628856692
rs13481893	13	77.70134	0.776288566942
rs13481908	13	82.20142	0.893218891531
rs13481909	13	82.51098	0.899535598392
rs13481910	13	83.15997	0.899535598387
rs13481916	13	84.9381	0.625801533382
rs13481917	13	85.1532	0.625801533351
rs13481921	13	86.29906	0.582058501094
rs13481924	13	87.35158	0.582058501118
rs13481932	13	88.9815	0.631289391802
rs13481933	13	89.42266	0.631289391821
rs13481937	13	90.4003	0.639860698555
rs6322774	13	90.56031	0.831558441827
rs13481939	13	91.02329	0.831558441864
rs6288319	13	91.2755	0.831558441867
rs13481941	13	91.67666	0.831558441887
rs6328703	13	91.84196	0.85409733514
rs13481944	13	93.77283	0.727633117306
rs13481946	13	94.171	0.727620453141
rs13481947	13	94.44343	0.726012421397
rs13481955	13	96.22648	0.49083446196
rs4229986	13	96.28385	0.490834461916
rs13481957	13	97.05739	0.507184217294
rs13481960	13	97.64894	0.507184217319
rs3687604	13	98.52484	0.563734782162
rs13481964	13	98.55118	0.563734782176
rs13481966	13	98.99003	0.563821678195
rs13481968	13	99.62825	0.712497277337
rs4230027	13	101.2665	0.654876265887
rs13481998	13	107.9255	0.50239671325
rs13481999	13	108.0703	0.550191813346
rs6393412	13	108.4932	0.635395085503
rs13482011	13	111.4327	0.745667729608
rs13482018	13	113.4265	0.72799674617
rs13482019	13	113.5586	0.708334398145
rs3719853	13	113.9876	0.841519898009
rs13482027	13	116.3275	0.557334834907
rs13482028	13	117.0403	0.607029143715
rs13482030	13	117.6877	0.549549004232
rs13482031	13	117.8934	0.549549004279
rs13482033	13	118.3938	0.685214726599
rs13482038	13	120.059	0.556456805134
rs3719629	14	17.06033	0.294622689397
rs13482088	14	21.3067	0.45045630164
rs13482089	14	21.51762	0.450456301641
rs6397486	14	21.75607	0.450456301589
rs13482090	14	21.84772	0.265368317315
rs4230209	14	22.80366	0.243091678561
rs6175633	14	23.01207	0.243091678536
rs13482093	14	23.19262	0.243091678523
rs13482094	14	23.33349	0.18276351035
rs13482096	14	23.53982	0.0896066188212
rs13482098	14	24.87147	0.0498434421191
rs13482103	14	26.6855	0.0207028567132
rs13482104	14	27.16361	0.0390969820277
rs13482105	14	27.30712	0.0390969820664
rs4230230	14	27.73213	0.0584911715545
rs13482108	14	28.07965	0.0584911716376
rs13482111	14	28.92001	0.0992228439927
rs13482112	14	29.12748	0.0992228436892
rs13482113	14	29.24429	0.125312297541
rs13482115	14	29.59788	0.119337415563
rs13482117	14	30.29132	0.176599875742
rs3685393	14	32.16797	0.167057882193
rs13482135	14	36.20074	0.347579620231
rs6296868	14	36.40268	0.347579619672
rs13482141	14	39.96175	0.255204653518
rs3088796	14	40.58426	0.2552005673
rs6314716	14	41.43049	0.255200567292
rs13482159	14	46.32098	0.160535605771
rs3161632	14	53.25856	0.243709022499
rs3140262	14	54.41636	0.243709022501
rs13482190	14	54.81577	0.243709022505
rs13482191	14	55.26518	0.243709022505
rs8251313	14	55.5852	0.243713916153
rs8236916	14	56.66368	0.285049957105
rs8244273	14	56.88176	0.285049957114
rs13482195	14	56.9897	0.285049957118
rs3090594	14	57.7187	0.322338720425
rs13482198	14	58.19714	0.412978519793
rs13482199	14	58.62219	0.412978521674
rs13482219	14	63.59294	0.188769697261
rs6193233	14	65.46484	0.266409217424
rs6179045	14	65.65128	0.266409217437
rs6378901	14	66.79597	0.284118853677
rs13482234	14	68.42716	0.216571913654
rs13482235	14	68.52924	0.216571913661
rs6284381	14	68.75055	0.259177764268
rs13482247	14	72.29684	0.515515656674
rs13482248	14	72.50663	0.515515656684
rs13482251	14	73.36369	0.527801130538
rs6383758	14	73.65348	0.527801130706
rs13482254	14	74.91587	0.563024178957
rs13482262	14	78.35859	0.295026197848
rs13482264	14	79.14712	0.560747795722
rs13482266	14	79.55686	0.595667187487
rs13482269	14	81.30485	0.60614793059
rs13482271	14	81.97563	0.536777493655
rs13482272	14	82.70916	0.53677749362
rs13482273	14	82.91016	0.53677749362
rs6165238	14	83.10717	0.53677749362
rs13482275	14	83.39239	0.536777493634
rs13482276	14	84.04044	0.638630551023
rs13482279	14	84.68336	0.638630550592
rs13482281	14	85.68781	0.534343768006
rs13482283	14	86.41964	0.534343767981
rs13482284	14	86.61589	0.576729211139
rs3680118	14	86.73935	0.576729211133
rs13482313	14	94.11042	0.015116019615
rs13482314	14	94.28691	0.0151160196111
rs13482315	14	94.56299	0.0151160196031
rs13482316	14	94.75502	0.00846153542898
rs13482317	14	94.87573	0.00846153537782
rs13482319	14	95.72917	0.00846153537782
rs13482320	14	95.9274	0.00846153537782
rs13482321	14	96.12516	0.00846153537771
rs13482322	14	96.28183	0.00846153537771
rs13482323	14	96.60854	0.00846153537714
rs13482337	14	100.7955	0.0094937072854
rs13482339	14	101.4012	0.0103446343392
rs13482356	14	107.173	0.0175914410202
rs13482357	14	107.3717	0.0175914429338
rs13482369	14	111.1495	0.0332873862563
rs13482377	14	112.8466	0.0502207731602
rs13482385	14	116.0585	0.243081616637
rs13482386	14	116.4101	0.336627953732
rs13482388	14	116.9605	0.355483141512
rs13482389	14	117.6761	0.34452517755
rs3711767	14	118.2402	0.645757747799
rs13482395	14	119.6116	0.971075766452
rs6265743	14	120.1109	0.921790026172
rs13482398	14	120.371	0.921790026174
rs13482400	14	120.719	0.953333863998
rs13459176	15	3.22913	0.324713732681
rs13482418	15	3.619113	0.32825929296
rs13482423	15	8.86691	0.251415429451
rs13482424	15	9.122292	0.251415428094
rs13482426	15	9.526667	0.264583640241
rs13482429	15	10.50527	0.272800388288
rs3023415	15	10.75026	0.278666182589
rs6355446	15	11.0268	0.399701125314
rs13482433	15	11.92427	0.509450242386
rs13482438	15	13.08029	0.38716528494
rs13482439	15	13.2661	0.365953403945
rs13482446	15	14.47524	0.364293860329
rs13482452	15	15.8257	0.499790581377
rs13482455	15	16.66096	0.401068743376
rs13482456	15	16.78599	0.401068743426
rs6404381	15	17.63925	0.463841958061
rs13482461	15	18.85937	0.466127603357
rs3700722	15	19.18161	0.393166019001
rs3023911	15	19.6862	0.393166018922
rs13482465	15	19.83639	0.393166018922
rs6326054	15	20.24557	0.393166018919
rs13482467	15	20.39432	0.393166015907
rs13482469	15	20.87216	0.836702687232
rs13482470	15	21.06673	0.846707902661
rs13482472	15	21.47033	0.846707902656
rs6206798	15	22.66536	0.702021549497
rs13482478	15	22.83776	0.702021549469
rs13482480	15	23.88386	0.702021549469
rs13482483	15	24.89489	0.702021549529
rs13482485	15	25.38063	0.763402197422
rs13482493	15	27.2573	0.662758411066
rs13482504	15	30.25203	1.00773987785
rs4230683	15	30.89677	1.00775011068
rs13482507	15	31.37112	1.00775011068
rs13482508	15	31.66111	1.00775011067
rs13482509	15	31.97192	0.979658720993
rs13482510	15	32.28326	0.979638772469
rs13482511	15	32.6594	0.979638731194
rs8267917	15	33.18028	0.979638731195
rs6162875	15	33.38985	0.979638731575
rs13482514	15	33.85569	0.979638731518
rs13482526	15	37.73739	0.196464199736
rs13459147	15	37.90593	0.196464199732
rs13482529	15	38.95576	0.530979180595
rs6339552	15	42.12349	0.663399606146
rs13482539	15	43.0085	0.508161112925
rs13482540	15	43.21352	0.508161112871
rs13482542	15	43.50309	0.50816111287
rs13482543	15	43.70244	0.508161112873
rs4230714	15	44.20676	0.506456656459
rs13482556	15	46.59141	0.161292860708
rs6316001	15	46.82171	0.161292860693
rs13482558	15	46.99821	0.161292860668
rs13482561	15	48.11457	0.0643824546797
rs13482565	15	48.76476	0.139593574332
rs13482571	15	49.82992	0.133776988593
rs13482572	15	50.04277	0.13377698851
rs6182565	15	57.34414	0.030155592236
rs13482595	15	58.44808	0.0242543575075
rs3698351	15	58.7056	0.0295805532048
rs6208973	15	60.68728	0.107207902008
rs13482618	15	65.69015	0.0252430647834
rs13482627	15	67.56221	0.0121604130782
rs13482628	15	67.7087	0.0332660202657
rs13482636	15	69.46184	0.137848047126
rs6169611	15	70.04628	0.137848047161
rs13482637	15	70.33156	0.150210178069
rs13482638	15	70.65674	0.150210178081
rs3088560	15	70.9834	0.150210178082
rs3088506	15	71.35148	0.150210178314
rs13459189	15	79.55592	0.211170154096
rs13482667	15	80.25597	0.207576867671
rs8279182	15	82.22316	0.151532233005
rs13482676	15	82.61156	0.151532232996
rs4230908	15	82.95683	0.131158135382
rs13482681	15	83.86792	0.131158135382
rs8274085	15	83.91026	0.131158135382
rs6243300	15	84.23232	0.131158135434
rs13482688	15	86.09972	0.0829791770109
rs13482691	15	86.80313	0.0758606114205
rs13482696	15	88.33631	0.154536905269
rs13482700	15	89.40488	0.152492689004
rs13482701	15	89.70571	0.156557005934
rs13482708	15	91.25926	0.245771189017
rs13482709	15	91.5046	0.133745489716
rs13482710	15	91.72335	0.134127851832
rs13482711	15	91.88932	0.14387431617
rs13482713	15	92.37856	0.136042581003
rs13482714	15	92.67381	0.159464651692
rs6378322	15	93.81728	0.336916373689
rs13482722	15	94.68266	0.310855225803
rs6285067	15	95.14498	0.776204755896
rs13482724	15	95.32576	0.776204762274
rs3023427	15	97.54235	0.780799206811
rs6208415	15	97.72092	0.746693189902
rs13482733	15	98.24109	0.643702224294
rs3023831	15	100.2399	0.700043059022
rs6221928	15	100.5231	0.796052631913
rs13482746	15	101.6857	0.708811534293
rs13482749	15	102.3311	0.541189521841
rs13482750	15	102.4856	0.541189521743
rs13482751	15	102.782	0.541189491688
rs4152386	16	3.987018	0.333431013095
rs4152838	16	5.029543	0.263255971326
rs4153199	16	5.651739	0.296379755836
rs4153507	16	5.786396	0.29637975584
rs4154322	16	6.124729	0.296379755833
rs4155203	16	6.457311	0.296379755825
rs4156937	16	7.125608	0.291707975131
rs4157412	16	7.339475	0.298858995582
rs4158907	16	7.962922	0.298858995594
rs4160785	16	10.42036	0.391148571429
rs4161630	16	11.12726	0.391148568946
rs4161854	16	11.47401	0.39050466156
rs3707387	16	12.27324	0.360866385698
rs4162800	16	12.47287	0.360866385783
rs4162911	16	12.65259	0.36719613852
rs4163025	16	12.88806	0.367196138546
rs4165065	16	17.41217	0.673143395169
rs4165069	16	17.66346	0.793141810989
rs3023525	16	31.61367	0.0049488281602
rs3704997	16	31.68961	0.0049488281611
rs4170048	16	32.18664	0.00494882816918
rs4170474	16	32.67956	0.0153404394678
rs4171059	16	33.00613	0.0153404397487
rs3666253	16	33.97978	0.0746535061642
rs4172689	16	35.28271	0.125408257325
rs3663370	16	35.71373	0.125408246682
rs4173528	16	36.19328	0.175404722087
rs4231211	16	37.57234	0.104250860006
rs4174469	16	38.17083	0.0818882388414
rs4175233	16	39.00459	0.0954418234252
rs4176313	16	39.4888	0.178666756943
rs4176590	16	39.63095	0.226100348327
rs4178635	16	41.78978	0.195387918452
rs3723465	16	45.18372	0.384315416014
rs4181032	16	45.39175	0.384315415139
rs4184812	16	49.60043	0.393676788908
rs4185176	16	49.89196	0.405001991888
rs4185772	16	50.3934	0.405001991878
rs3687762	16	51.60141	0.278011322586
rs4187143	16	51.63749	0.278011322576
rs4151934	16	55.97593	0.252019643273
rs4188505	16	56.46302	0.210308360389
rs4189277	16	57.2926	0.240973304031
rs4191585	16	59.34551	0.24731629061
rs3670490	16	59.69211	0.308820604194
rs3679336	16	61.63928	0.239732430309
rs4195186	16	63.59802	0.332623254777
rs4151935	16	63.77294	0.332623254799
rs4195934	16	64.09364	0.332623255273
rs4197416	16	66.40635	0.166624237277
rs4199410	16	70.195	0.0148108416972
rs4200124	16	70.69514	0.0148108416944
rs4200952	16	71.53369	0.0148108418351
rs4201998	16	72.51127	0.0220219626123
rs4202793	16	73.26658	0.0187571822985
rs3656776	16	73.7482	0.0225034078151
rs4203891	16	74.08495	0.0519535111722
rs4204449	16	74.45413	0.0652921121152
rs4206130	16	75.96644	0.0227832809636
rs4207756	16	77.87641	0.0229270353191
rs4151936	16	78.28566	0.0468771053181
rs8270031	16	78.96165	0.0460951350493
rs4210968	16	80.57769	0.0350526871496
rs4221305	16	96.94447	0.400443167696
rs4221365	16	97.40408	0.400443169211
rs4221760	16	97.81836	0.451752491098
rs13482862	17	9.010574	4.12819238991
rs6196216	17	9.163388	4.13774130066
rs13482866	17	9.985176	4.52913107377
rs6175103	17	12.25108	4.32826307906
rs13482888	17	15.06063	5.07812447646
rs13482893	17	15.87914	4.84589397103
rs13482922	17	24.64833	6.34531721617
rs4231389	17	25.37152	6.36535824567
rs3023447	17	25.50593	6.3653582457
rs8256996	17	25.50699	6.36535824573
rs3700924	17	27.24527	6.49320668397
rs6358703	17	28.91615	5.26529340834
rs13482943	17	30.43649	5.23380382815
rs13482966	17	36.49706	5.12473481018
rs3145728	17	37.97686	5.28810568808
rs13482973	17	38.31911	5.28810568814
rs13482974	17	38.56364	5.28810568736
rs13482981	17	40.70806	4.3841817486
rs8254221	17	40.932	4.38418174853
rs3690398	17	40.98035	4.38418174839
rs13482988	17	42.13049	3.89261456672
rs13482990	17	42.50219	3.89261456715
rs13482991	17	42.64013	3.89261456715
rs13482992	17	42.8038	3.89261456715
rs13482993	17	43.08062	3.892614567
rs4231495	17	43.22615	3.42969639853
rs13482998	17	44.22487	3.40638889736
rs13483001	17	45.46196	3.32068422314
rs6314185	17	49.40427	2.97748632232
rs3658247	17	51.76695	3.34740984751
rs13483041	17	55.11319	3.17450706124
rs3023455	17	55.57639	3.14570324835
rs13483042	17	55.63792	3.14570324925
rs13483053	17	58.61286	2.58105126167
rs13483054	17	58.79886	2.58105125011
rs13483055	17	60.45937	2.05143530926
rs13483066	17	63.66965	2.10886715241
rs6402097	17	64.06179	1.92187057688
rs13483068	17	64.37522	1.90178349716
rs13483071	17	65.34319	1.78292512899
rs13483074	17	65.95984	1.78020611645
rs13483075	17	66.0717	1.71089925459
rs13483077	17	66.78554	1.48478049705
rs13483078	17	67.11153	1.54871104008
rs13483084	17	68.72092	1.07303125519
rs13483086	17	69.1492	1.05470051266
rs13483087	17	69.6185	0.937869789021
rs3698110	17	72.14832	0.851222194785
rs13483096	17	72.60622	0.893572036945
rs6400123	17	74.30858	0.885063063769
rs6327904	17	76.81138	0.985919047477
rs13483116	17	78.93399	0.760492231723
rs13483117	17	79.24032	0.591212734365
rs13483119	17	79.73435	0.523552763969
rs13483120	17	79.87607	0.567285761496
rs13483133	17	83.47091	0.220545974858
rs3675371	17	87.37097	0.372996166694
rs13483149	17	87.38971	0.372996166703
rs6210043	17	91.83018	0.407262152736
rs3023460	17	93.59896	0.390873164716
rs13483183	18	3.516539	0.0855582254701
rs13483185	18	3.966182	0.085558225446
rs13483197	18	9.099933	0.199136704449
rs13483199	18	9.736283	0.195868306486
rs13483206	18	11.06627	0.242294050608
rs13483210	18	11.94101	0.303829359756
rs13483211	18	12.04733	0.303829359395
rs6236578	18	13.39532	0.218395405569
rs6287645	18	14.16336	0.315940611587
rs13483218	18	14.64596	0.265050337846
rs13483219	18	14.93558	0.332742467844
rs13483223	18	15.60033	0.332742469082
rs6247851	18	18.44448	1.36832677841
rs13483235	18	18.85181	1.365227595
rs13483236	18	19.20932	1.36522759491
rs13483237	18	19.44794	1.30104165736
rs13483241	18	20.31096	1.25035352444
rs13483242	18	20.42871	1.25035352438
rs13483243	18	20.69861	1.24089318715
rs13483244	18	20.98276	1.24089318714
rs3023747	18	21.11984	1.24089318797
rs13483247	18	21.64426	1.15691183426
rs6194744	18	22.01794	1.21629862936
rs13483251	18	22.94485	1.20605557129
rs6368237	18	23.59901	1.28493721809
rs13483252	18	23.73123	1.28493721811
rs13483274	18	29.86498	1.56258103201
rs13483296	18	35.36616	1.54637768835
rs13483317	18	40.64225	1.4558631228
rs13483324	18	42.57098	2.33295277781
rs13483331	18	44.01147	3.15115423929
rs13483336	18	45.49958	3.33067554621
rs13483340	18	46.21551	3.54062127061
rs13483341	18	46.44705	3.5406212707
rs13483343	18	46.78983	3.57036014314
rs13483344	18	46.96626	3.57021366568
rs3089229	18	55.61175	2.13984543609
rs13483371	18	55.86267	2.0802284771
rs13483373	18	56.2017	2.38610500577
rs13483374	18	56.40711	2.38610500766
rs13483380	18	57.84827	2.3645851206
rs6338896	18	58.71753	1.29072157238
rs6386098	18	61.74162	1.60083841749
rs13483397	18	62.99837	1.18881788783
rs13483398	18	63.24669	1.18881380519
rs3023468	18	63.64369	1.49241550056
rs13483405	18	65.24693	1.4339168277
rs13483406	18	65.60927	1.26733339322
rs13483407	18	65.68899	1.10079324129
rs13483410	18	66.2287	1.12494342185
rs13483413	18	66.81253	0.88385829316
rs13483414	18	67.00363	0.883858292947
rs3675194	18	67.22279	0.769818995507
rs13483417	18	68.04098	0.770637786267
rs13483419	18	68.35853	0.687297641462
rs3701613	18	69.06789	0.31386979452
rs13483425	18	70.07735	0.0793134041071
rs13483426	18	70.28336	0.0886016179544
rs3023828	18	70.38604	0.0557087529211
rs13483427	18	70.62707	0.0244148413054
rs13483429	18	71.45905	0.0366771352175
rs13483431	18	72.11167	0.0366941851768
rs13483433	18	72.56908	0.0679472718704
rs13483434	18	73.15258	0.0679472712353
rs6302629	18	75.11618	0.114604522993
rs13483442	18	75.58842	0.158337968391
rs13483443	18	75.84361	0.171074654537
rs3705890	18	77.10882	0.112213077733
rs13483447	18	77.23329	0.112213076589
rs6298532	18	77.65257	0.450093655841
rs13483451	18	78.38032	0.553559749656
rs13483456	18	79.8206	0.54732798563
rs4231969	18	80.38902	0.578536176361
rs13483460	18	80.9717	0.488728223281
rs13483462	18	81.38708	0.586688478517
rs13483463	18	81.58717	0.429522265479
rs6249251	18	81.92276	0.576766366455
rs13483467	18	82.62893	0.32486925074
rs13483468	18	82.93614	0.212935849665
rs6364209	18	83.12134	0.200020361797
rs6322756	18	83.64644	0.194671648943
rs13483471	18	83.87772	0.194671648958
rs13483472	18	83.91802	0.194671649262
rs13483474	18	84.24183	0.167901414863
rs6222811	18	84.43335	0.167901414834
rs13483478	18	85.26978	0.130659104582
rs3708725	18	85.84354	0.145058624832
rs13483485	18	86.94262	0.108053454436
rs13483486	18	87.06852	0.108053454316
rs13482410	18	87.49507	0.116419298786
rs13483489	18	87.80066	0.116419298799
rs13483491	18	88.48569	0.123356102594
rs13483492	18	88.72066	0.123356102597
rs13483493	18	89.02076	0.123356102616
rs13483496	18	89.86743	0.123356121887
rs4232073	19	17.52967	0.0570756819002
rs13483548	19	17.84468	0.100303632676
rs13483549	19	18.23111	0.0990350715851
rs13483550	19	18.53589	0.124876207355
rs13483554	19	19.66818	0.158980430848
rs13483555	19	19.97278	0.161340022825
rs3090321	19	20.36082	0.143618889728
rs3090137	19	22.87337	0.315699608392
rs6309315	19	23.66134	0.36738058026
rs13483577	19	26.42977	0.338513529858
rs3090325	19	26.80602	0.364077212562
rs13483579	19	27.24261	0.25388582239
rs13483584	19	28.94112	0.0485061860866
rs13483586	19	29.36941	0.0485061861118
rs13483587	19	29.56385	0.029364003655
rs13483589	19	30.05567	0.0262985636217
rs13483592	19	31.19432	0.026298563597
rs13483593	19	31.37298	0.0246655900861
rs6344448	19	31.58115	0.0246655901368
rs13483594	19	31.92075	0.0207004476996
rs13483595	19	32.47204	0.0207004476975
rs3705022	19	36.45224	0.0857426243575
rs13483609	19	36.66171	0.0744672873686
rs13483612	19	37.06918	0.0720552783249
rs13483648	19	46.96157	0.224179158523
rs13483650	19	47.4479	0.275711658827
rs13483654	19	48.45703	0.0806526732488
rs13483658	19	49.96468	0.192958334
rs13483660	19	50.57801	0.14190507767
rs13483664	19	51.02199	0.100064148368
rs13483666	19	51.4484	0.0644972081959
rs13483667	19	51.91358	0.0575938839613
rs13483670	19	52.51463	0.0410123955056
rs8275553	19	53.06783	0.041012395475
rs8275912	19	53.08039	0.0260549999718
rs13483677	19	53.93399	0.0184474325659
rs13483679	19	54.30247	0.0414375417595
rs13483680	19	54.61871	0.034023880958
rs13483681	19	54.91618	0.0340860300568
rs3660143	19	55.10385	0.0383905879463
rs13483682	19	55.23613	0.0242851581867
rs13483683	19	55.60243	0.00824227107819
rs13483685	19	55.90017	0.0119188033141
rs13483686	19	56.16064	0.0299090425667
rs6355398	19	56.45705	0.0307772829177
rs4222106	19	57.10794	0.17895197357
rs13483690	19	57.80351	0.134695931213
rs13483693	19	58.32444	0.0532692720411
rs13483695	19	59.31557	0.0647204048612
rs13483699	19	60.61291	0.442779135214
